state,services,provider_service_rows,avg_medicare_payment_per_service
CA,970179.0,4184,66.73307026846432
NY,753331.0,3609,69.93395463614078
FL,531958.0,2895,61.546852947051214
NJ,414509.0,1921,64.46569263875479
TX,364802.0,2337,57.995245694915965
IL,248776.0,1706,60.58770484290597
MD,242323.0,1123,55.6954570552488
MA,225202.0,1706,60.13888615553416
PA,205220.0,1586,57.13905096968666
OH,198526.0,1481,49.835747660264694
MI,197956.0,1452,55.93834251044974
GA,196150.0,1192,57.33287621718583
VA,180701.0,904,59.58292809669933
NC,138123.0,1154,54.88466091816377
AZ,119649.0,623,59.04679621222079
TN,119292.0,796,52.73486042650593
CT,99635.0,794,63.224617152614314
SC,82602.0,520,56.70443597004914
IN,78257.0,531,54.92871257523194
AL,72489.0,526,53.86764584971244
KY,68183.0,398,54.93784359737904
WA,58813.0,645,59.37111607977661
LA,58665.0,410,53.703157760177724
MO,55582.0,503,52.43393184842256
CO,54217.0,427,49.295347584708686
NV,49178.0,302,59.59516389441628
WI,46585.0,478,52.10361060426105
OK,41540.0,257,51.57446172367131
AR,39378.0,206,50.05249885718548
MS,38694.0,196,53.449328319616605
HI,36727.0,205,56.46653442974681
MN,34999.1,544,58.90909880536338
OR,32613.0,368,52.983887406833716
DE,32341.0,135,56.26491574165802
WV,27690.0,127,53.944725532660854
KS,27684.0,195,49.623228940930936
NE,26969.0,170,49.153999406705736
IA,24247.0,154,54.18186827235865
RI,24051.0,264,53.311927570585794
UT,21514.0,186,56.20802826070224
NH,20895.0,156,53.9034501076995
NM,19187.0,111,55.45102048259691
DC,18283.0,195,65.5003850571568
PR,16965.0,234,56.01198467432562
ME,13303.0,141,47.3847252499449
ID,10616.0,76,45.42871514695488
WY,9201.0,32,57.48555265725324
MT,8915.0,62,49.25103869881369
VT,6476.0,57,48.861405188385575
AK,6224.0,36,69.42894119547702
SD,5700.0,33,52.5353912281993
ND,4232.0,32,53.93918714556191
GU,3163.0,14,53.92637685748466
XX,1477.0,3,70.69884224787678
VI,1401.0,6,48.43275517466738
AP,397.0,2,54.632191436035264
AE,302.0,1,74.503245033
MP,98.0,1,43.468469388
AA,41.0,1,63.907317072999994
